c_id,first_name,last_name,gender,country
1101,jonh,De0,male,USA
1102,jane,smith,female,caneda
1103,robert,brown,male ,UK
1104,emily,devis,female,Australia
1105,virat,kohali,male,india
1106,mahi,dhoni,male,germany
1107,mitali,raj,female,france
1108,jame,adreson,male,spain
1109,mery ,thomas,female,italy
1110,matthew,white,male,Netherlands
1111,linda,jackson,female,swedan
1112,joshua,clerk,male,soth coeria
1113,barbara,harris,female,south africa
1114,andrew,rabison,male,brazil
1115,Elizabeth,lewis,female,japan
1116,mickal,jackson,male,maxico
1117,megan,walker,female,russia
1118,harry,poter,male,china
1119,patricia,moore,female,new zealand
1120,david,martinez,male,portugal
1121,sarah,wilson,female,irland
