"id","name","age","address","city"
3,"c1",40,"add3","Bangalore"
4,"d1",45,"add4","Hyderabad"
5,"e1",50,"add5","Chennai"
6,"f1",55,"add6","Kolkata"
7,"g1",60,"add7","Pune"
8,"h1",65,"add8","Ahmedabad"
9,"i1",70,"add9","Jaipur"
10,"j1",75,"add10","Surat"
11,"k1",78,"add11","Lucknow"
14,"n1",37,"add14","Gujrat"
15,"o1",42,"add15","Bhopal"
16,"p1",47,"add16","Patna"
17,"q1",52,"add17","Vadodara"
18,"r1",57,"add18","Indore"
19,"s1",62,"add19","Thane"
20,"t1",67,"add20","Agra"
12,"l1",78,"add12","Kanpur"
13,"m1",78,"add13","Nagpur"
1,"New Name",30,"add1","Mumbai"
2,"New Name",35,"add2","Delhi"
